Year,Category,Subcategory,Sub-subcategory,Total,"Food secure-1,000",Food secure-percent,"Food insecure-1,000",Food insecure-percent,"Low food security-1,000",Low food security-percent,"Very low food security-1,000",Very low food security-percent
2001,All households,,,107824,96303,89.3,11521,10.7,8010,7.4,3511,3.3
2001,Household composition,With children < 18 years,,38330,32141,83.9,6189,16.1,4744,12.4,1445,3.8
2001,Household composition,With children < 18 years,With children < 6 years,16858,13920,82.6,2938,17.4,2304,13.7,634,3.8
2001,Household composition,With children < 18 years,Married-couple families,26182,23389,89.3,2793,10.7,2247,8.6,546,2.1
2001,Household composition,With children < 18 years,"Female head, no spouse",9080,6185,68.1,2895,31.9,2101,23.1,794,8.7
2001,Household composition,With children < 18 years,"Male head, no spouse",2389,2009,84.1,380,15.9,298,12.5,82,3.4
2001,Household composition,With children < 18 years,Other household with child,678,555,81.9,123,18.1,99,14.6,24,3.5
2001,Household composition,With no children < 18 years,,69495,64163,92.3,5332,7.7,3266,4.7,2066,3.0
2001,Household composition,With no children < 18 years,More than one adult,40791,38328,94.0,2463,6.0,1595,3.9,868,2.1
2001,Household composition,With no children < 18 years,Women living alone,16513,14915,90.3,1598,9.7,952,5.8,646,3.9
2001,Household composition,With no children < 18 years,Men living alone,12192,10922,89.6,1270,10.4,718,5.9,552,4.5
2001,Household composition,With elderly,,24836,23458,94.5,1378,5.5,1002,4.0,376,1.5
2001,Household composition,With elderly,Elderly living alone,10390,9758,93.9,632,6.1,426,4.1,206,2.0
2001,Race/ethnicity of households,White non-Hispanic,,80337,74230,92.4,6107,7.6,4072,5.1,2035,2.5
2001,Race/ethnicity of households,Black non-Hispanic,,13134,10331,78.7,2803,21.3,1986,15.1,817,6.2
2001,Race/ethnicity of households,Hispanic,,9864,7717,78.2,2147,21.8,1613,16.4,534,5.4
2001,Race/ethnicity of households,Other,,4489,4026,89.7,463,10.3,339,7.6,124,2.8
2001,Household income-to-poverty ratio,Under 1.00,,11693,7426,63.5,4267,36.5,2763,23.6,1504,12.9
2001,Household income-to-poverty ratio,Under 1.30,,16904,11450,67.7,5454,32.3,3609,21.3,1845,10.9
2001,Household income-to-poverty ratio,Under 1.85,,25395,18316,72.1,7079,27.9,4811,18.9,2268,8.9
2001,Household income-to-poverty ratio,1.85 and over,,63851,60743,95.1,3108,4.9,2284,3.6,824,1.3
2001,Household income-to-poverty ratio,Income unknown,,18579,17245,92.8,1334,7.2,915,4.9,419,2.3
2001,Area of residence,Inside metropolitan area,,86945,77826,89.5,9119,10.5,6281,7.2,2838,3.3
2001,Area of residence,Inside metropolitan area,In principal cities,26701,22987,86.1,3714,13.9,2442,9.1,1272,4.8
2001,Area of residence,Inside metropolitan area,Not in principal cities,45380,41622,91.7,3758,8.3,2633,5.8,1125,2.5
2001,Area of residence,Outside metropolitan area,,20879,18476,88.5,2403,11.5,1730,8.3,673,3.2
2001,Census geographic region,Northeast,,20320,18656,91.8,1664,8.2,1176,5.8,488,2.4
2001,Census geographic region,Midwest,,25063,22805,91.0,2258,9.0,1502,6.0,756,3.0
2001,Census geographic region,South,,38867,34073,87.7,4794,12.3,3395,8.7,1399,3.6
2001,Census geographic region,West,,23575,20771,88.1,2804,11.9,1937,8.2,867,3.7
2002,All households,,,108601,96543,88.9,12058,11.1,8259,7.6,3799,3.5
2002,Household composition,With children < 18 years,,38647,32268,83.5,6379,16.5,4899,12.7,1480,3.8
2002,Household composition,With children < 18 years,With children < 6 years,17073,14039,82.2,3034,17.8,2450,14.4,584,3.4
2002,Household composition,With children < 18 years,Married-couple families,26069,23357,89.6,2712,10.4,2204,8.5,508,1.9
2002,Household composition,With children < 18 years,"Female head, no spouse",9496,6456,68.0,3040,32.0,2212,23.3,828,8.7
2002,Household composition,With children < 18 years,"Male head, no spouse",2375,1855,78.1,520,21.9,381,16.0,139,5.9
2002,Household composition,With children < 18 years,Other household with child,707,599,84.7,108,15.3,102,14.4,6,0.8
2002,Household composition,With no children < 18 years,,69954,64276,91.9,5678,8.1,3360,4.8,2318,3.3
2002,Household composition,With no children < 18 years,More than one adult,41538,38929,93.7,2609,6.3,1651,4.0,958,2.3
2002,Household composition,With no children < 18 years,Women living alone,16174,14472,89.5,1702,10.5,985,6.1,717,4.4
2002,Household composition,With no children < 18 years,Men living alone,12242,10875,88.8,1367,11.2,724,5.9,643,5.3
2002,Household composition,With elderly,,24791,23229,93.7,1562,6.3,1099,4.4,463,1.9
2002,Household composition,With elderly,Elderly living alone,10072,9327,92.6,745,7.4,490,4.9,255,2.5
2002,Race/ethnicity of households,White non-Hispanic,,80266,73859,92.0,6407,8.0,4294,5.3,2113,2.6
2002,Race/ethnicity of households,Black non-Hispanic,,13515,10546,78.0,2969,22.0,1999,14.8,970,7.2
2002,Race/ethnicity of households,Hispanic,,10344,8099,78.3,2245,21.7,1654,16.0,591,5.7
2002,Race/ethnicity of households,Other,,4475,4038,90.2,437,9.8,313,7.0,124,2.8
2002,Household income-to-poverty ratio,Under 1.00,,11515,7128,61.9,4387,38.1,2736,23.8,1651,14.3
2002,Household income-to-poverty ratio,Under 1.30,,17010,11272,66.3,5738,33.7,3681,21.6,2057,12.1
2002,Household income-to-poverty ratio,Under 1.85,,25134,17802,70.8,7332,29.2,4894,19.5,2438,9.7
2002,Household income-to-poverty ratio,1.85 and over,,64263,60997,94.9,3266,5.1,2321,3.6,945,1.5
2002,Household income-to-poverty ratio,Income unknown,,19204,17744,92.4,1460,7.6,1044,5.4,416,2.2
2002,Area of residence,Inside metropolitan area,,87617,77997,89.0,9620,11.0,6528,7.5,3092,3.5
2002,Area of residence,Inside metropolitan area,In principal cities,26922,23047,85.6,3875,14.4,2517,9.3,1358,5.0
2002,Area of residence,Inside metropolitan area,Not in principal cities,45552,41542,91.2,4010,8.8,2791,6.1,1219,2.7
2002,Area of residence,Outside metropolitan area,,20983,18545,88.4,2438,11.6,1731,8.2,707,3.4
2002,Census geographic region,Northeast,,20242,18372,90.8,1870,9.2,1266,6.3,604,3.0
2002,Census geographic region,Midwest,,25180,22755,90.4,2425,9.6,1602,6.4,823,3.3
2002,Census geographic region,South,,39195,34325,87.6,4870,12.4,3442,8.8,1428,3.6
2002,Census geographic region,West,,23984,21090,87.9,2894,12.1,1950,8.1,944,3.9
2003,All households,,,112214,99631,88.8,12583,11.2,8663,7.7,3920,3.5
2003,Household composition,With children < 18 years,,40286,33575,83.3,6711,16.7,5165,12.8,1546,3.8
2003,Household composition,With children < 18 years,With children < 6 years,18110,14933,82.5,3177,17.5,2516,13.9,661,3.6
2003,Household composition,With children < 18 years,Married-couple families,27484,24503,89.2,2981,10.8,2446,8.9,535,1.9
2003,Household composition,With children < 18 years,"Female head, no spouse",9623,6572,68.3,3051,31.7,2210,23.0,841,8.7
2003,Household composition,With children < 18 years,"Male head, no spouse",2475,1937,78.3,538,21.7,401,16.2,137,5.5
2003,Household composition,With children < 18 years,Other household with child,704,563,80.0,141,20.0,108,15.3,33,4.7
2003,Household composition,With no children < 18 years,,71928,66057,91.8,5871,8.2,3498,4.9,2373,3.3
2003,Household composition,With no children < 18 years,More than one adult,42553,39753,93.4,2800,6.6,1840,4.3,960,2.3
2003,Household composition,With no children < 18 years,Women living alone,16724,15032,89.9,1692,10.1,964,5.8,728,4.4
2003,Household composition,With no children < 18 years,Men living alone,12651,11271,89.1,1380,10.9,694,5.5,686,5.4
2003,Household composition,With elderly,,25946,24391,94.0,1555,6.0,1105,4.3,450,1.7
2003,Household composition,With elderly,Elderly living alone,10574,9921,93.8,653,6.2,430,4.1,223,2.1
2003,Race/ethnicity of households,White non-Hispanic,,81080,74733,92.2,6347,7.8,4169,5.1,2178,2.7
2003,Race/ethnicity of households,Black non-Hispanic,,13156,10251,77.9,2905,22.1,2010,15.3,895,6.8
2003,Race/ethnicity of households,Hispanic,,12034,9347,77.7,2687,22.3,2034,16.9,653,5.4
2003,Race/ethnicity of households,Other,,5944,5301,89.2,643,10.8,450,7.6,193,3.2
2003,Household income-to-poverty ratio,Under 1.00,,12739,8266,64.9,4473,35.1,2863,22.5,1610,12.6
2003,Household income-to-poverty ratio,Under 1.30,,18143,12245,67.5,5898,32.5,3845,21.2,2053,11.3
2003,Household income-to-poverty ratio,Under 1.85,,27104,19357,71.4,7747,28.6,5107,18.8,2640,9.7
2003,Household income-to-poverty ratio,1.85 and over,,62145,59116,95.1,3029,4.9,2274,3.7,755,1.2
2003,Household income-to-poverty ratio,Income unknown,,22965,21160,92.1,1805,7.9,1281,5.6,524,2.3
2003,Area of residence,Inside metropolitan area,,90708,80611,88.9,10097,11.1,6903,7.6,3194,3.5
2003,Area of residence,Inside metropolitan area,In principal cities,27682,23581,85.2,4101,14.8,2804,10.1,1297,4.7
2003,Area of residence,Inside metropolitan area,Not in principal cities,47243,42996,91.0,4247,9.0,2879,6.1,1368,2.9
2003,Area of residence,Outside metropolitan area,,21505,19020,88.4,2485,11.6,1760,8.2,725,3.4
2003,Census geographic region,Northeast,,21306,19267,90.4,2039,9.6,1343,6.3,696,3.3
2003,Census geographic region,Midwest,,25941,23360,90.1,2581,9.9,1752,6.8,829,3.2
2003,Census geographic region,South,,40554,35541,87.6,5013,12.4,3472,8.6,1541,3.8
2003,Census geographic region,West,,24412,21463,87.9,2949,12.1,2096,8.6,853,3.5
2004,All households,,,112967,99473,88.1,13494,11.9,9045,8.0,4449,3.9
2004,Household composition,With children < 18 years,,39990,32967,82.4,7023,17.6,5311,13.3,1712,4.3
2004,Household composition,With children < 18 years,With children < 6 years,17922,14606,81.5,3316,18.5,2573,14.4,743,4.1
2004,Household composition,With children < 18 years,Married-couple families,27065,23926,88.4,3139,11.6,2509,9.3,630,2.3
2004,Household composition,With children < 18 years,"Female head, no spouse",9641,6459,67.0,3182,33.0,2291,23.8,891,9.2
2004,Household composition,With children < 18 years,"Male head, no spouse",2693,2096,77.8,597,22.2,428,15.9,169,6.3
2004,Household composition,With children < 18 years,Other household with child,592,487,82.3,105,17.7,83,14.0,22,3.7
2004,Household composition,With no children < 18 years,,72977,66506,91.1,6471,8.9,3734,5.1,2737,3.8
2004,Household composition,With no children < 18 years,More than one adult,43177,40278,93.3,2899,6.7,1834,4.2,1065,2.5
2004,Household composition,With no children < 18 years,Women living alone,17012,15010,88.2,2002,11.8,1084,6.4,918,5.4
2004,Household composition,With no children < 18 years,Men living alone,12788,11219,87.7,1569,12.3,816,6.4,753,5.9
2004,Household composition,With elderly,,26202,24510,93.5,1692,6.5,1227,4.7,465,1.8
2004,Household composition,With elderly,Elderly living alone,10693,9911,92.7,782,7.3,517,4.8,265,2.5
2004,Race/ethnicity of households,White non-Hispanic,,81388,74383,91.4,7005,8.6,4632,5.7,2373,2.9
2004,Race/ethnicity of households,Black non-Hispanic,,13509,10303,76.3,3206,23.7,2108,15.6,1098,8.1
2004,Race/ethnicity of households,Hispanic,,12014,9404,78.3,2610,21.7,1903,15.8,707,5.9
2004,Race/ethnicity of households,Other,,6056,5382,88.9,674,11.1,403,6.7,271,4.5
2004,Household income-to-poverty ratio,Under 1.00,,13347,8438,63.2,4909,36.8,3098,23.2,1811,13.6
2004,Household income-to-poverty ratio,Under 1.30,,18367,12118,66.0,6249,34.0,3994,21.7,2255,12.3
2004,Household income-to-poverty ratio,Under 1.85,,28081,19700,70.2,8381,29.8,5443,19.4,2938,10.5
2004,Household income-to-poverty ratio,1.85 and over,,63575,60138,94.6,3437,5.4,2443,3.8,994,1.6
2004,Household income-to-poverty ratio,Income unknown,,21311,19636,92.1,1675,7.9,1158,5.4,517,2.4
2004,Area of residence,Inside metropolitan area,,92474,81661,88.3,10813,11.7,7246,7.8,3567,3.9
2004,Area of residence,Inside metropolitan area,In principal cities,30312,25650,84.6,4662,15.4,3114,10.3,1548,5.1
2004,Area of residence,Inside metropolitan area,Not in principal cities,46444,42279,91.0,4165,9.0,2865,6.2,1300,2.8
2004,Area of residence,Outside metropolitan area,,20492,17811,86.9,2681,13.1,1799,8.8,882,4.3
2004,Census geographic region,Northeast,,21038,19006,90.3,2032,9.7,1430,6.8,602,2.9
2004,Census geographic region,Midwest,,25957,23126,89.1,2831,10.9,1889,7.3,942,3.6
2004,Census geographic region,South,,41157,35693,86.7,5464,13.3,3605,8.8,1859,4.5
2004,Census geographic region,West,,24815,21648,87.2,3167,12.8,2121,8.5,1046,4.2
2005,All households,,,114437,101851,89.0,12586,11.0,8158,7.1,4428,3.9
2005,Household composition,With children < 18 years,,39601,33404,84.4,6197,15.6,4580,11.6,1617,4.1
2005,Household composition,With children < 18 years,With children < 6 years,17615,14671,83.3,2944,16.7,2265,12.9,679,3.9
2005,Household composition,With children < 18 years,Married-couple families,26776,24130,90.1,2646,9.9,2040,7.6,606,2.3
2005,Household composition,With children < 18 years,"Female head, no spouse",9659,6680,69.2,2979,30.8,2143,22.2,836,8.7
2005,Household composition,With children < 18 years,"Male head, no spouse",2536,2082,82.1,454,17.9,315,12.4,139,5.5
2005,Household composition,With children < 18 years,Other household with child,630,510,81.0,120,19.0,83,13.2,37,5.9
2005,Household composition,With no children < 18 years,,74836,68448,91.5,6388,8.5,3577,4.8,2811,3.8
2005,Household composition,With no children < 18 years,More than one adult,44267,41306,93.3,2961,6.7,1799,4.1,1162,2.6
2005,Household composition,With no children < 18 years,Women living alone,17019,15147,89.0,1872,11.0,1008,5.9,864,5.1
2005,Household composition,With no children < 18 years,Men living alone,13550,11996,88.5,1554,11.5,770,5.7,784,5.8
2005,Household composition,With elderly,,26609,25017,94.0,1592,6.0,1105,4.2,487,1.8
2005,Household composition,With elderly,Elderly living alone,10749,10063,93.6,686,6.4,473,4.4,213,2.0
2005,Race/ethnicity of households,White non-Hispanic,,82144,75444,91.8,6700,8.2,4305,5.2,2395,2.9
2005,Race/ethnicity of households,Black non-Hispanic,,13732,10658,77.6,3074,22.4,1894,13.8,1180,8.6
2005,Race/ethnicity of households,Hispanic,,12397,10176,82.1,2221,17.9,1559,12.6,662,5.3
2005,Race/ethnicity of households,Other,,6164,5573,90.4,591,9.6,400,6.5,191,3.1
2005,Household income-to-poverty ratio,Under 1.00,,12646,8098,64.0,4548,36.0,2836,22.4,1712,13.5
2005,Household income-to-poverty ratio,Under 1.30,,17264,11526,66.8,5738,33.2,3555,20.6,2183,12.6
2005,Household income-to-poverty ratio,Under 1.85,,27205,19515,71.7,7690,28.3,4813,17.7,2877,10.6
2005,Household income-to-poverty ratio,1.85 and over,,65030,61621,94.8,3409,5.2,2327,3.6,1082,1.7
2005,Household income-to-poverty ratio,Income unknown,,22202,20717,93.3,1485,6.7,1017,4.6,468,2.1
2005,Area of residence,Inside metropolitan area,,94945,84706,89.2,10239,10.8,6593,6.9,3646,3.8
2005,Area of residence,Inside metropolitan area,In principal cities,31708,27429,86.5,4279,13.5,2661,8.4,1618,5.1
2005,Area of residence,Inside metropolitan area,Not in principal cities,46998,42932,91.3,4066,8.7,2686,5.7,1380,2.9
2005,Area of residence,Outside metropolitan area,,19492,17146,88.0,2346,12.0,1565,8.0,781,4.0
2005,Census geographic region,Northeast,,21196,19272,90.9,1924,9.1,1338,6.3,586,2.8
2005,Census geographic region,Midwest,,26387,23454,88.9,2933,11.1,1859,7.0,1074,4.1
2005,Census geographic region,South,,41653,36650,88.0,5003,12.0,3173,7.6,1830,4.4
2005,Census geographic region,West,,25202,22475,89.2,2727,10.8,1789,7.1,938,3.7
2006,All households,,,115609,102961,89.1,12648,10.9,8031,6.9,4617,4.0
2006,Household composition,With children < 18 years,,39436,33278,84.4,6158,15.6,4481,11.4,1677,4.3
2006,Household composition,With children < 18 years,With children < 6 years,17161,14295,83.3,2866,16.7,2141,12.5,725,4.2
2006,Household composition,With children < 18 years,Married-couple families,26614,23916,89.9,2698,10.1,2140,8.0,558,2.1
2006,Household composition,With children < 18 years,"Female head, no spouse",9572,6665,69.6,2907,30.4,1925,20.1,982,10.3
2006,Household composition,With children < 18 years,"Male head, no spouse",2618,2174,83.0,444,17.0,333,12.7,111,4.2
2006,Household composition,With children < 18 years,Other household with child,633,522,82.5,111,17.5,84,13.3,27,4.3
2006,Household composition,With no children < 18 years,,76173,69683,91.5,6490,8.5,3550,4.7,2940,3.9
2006,Household composition,With no children < 18 years,More than one adult,44742,41822,93.5,2920,6.5,1769,4.0,1151,2.6
2006,Household composition,With no children < 18 years,Women living alone,17587,15600,88.7,1987,11.3,971,5.5,1016,5.8
2006,Household composition,With no children < 18 years,Men living alone,13844,12261,88.6,1583,11.4,810,5.9,773,5.6
2006,Household composition,With elderly,,26840,25242,94.0,1598,6.0,1108,4.1,490,1.8
2006,Household composition,With elderly,Elderly living alone,10499,9880,94.1,619,5.9,394,3.8,225,2.1
2006,Race/ethnicity of households,White non-Hispanic,,82268,75810,92.2,6458,7.8,3937,4.8,2521,3.1
2006,Race/ethnicity of households,Black non-Hispanic,,14054,10991,78.2,3063,21.8,1944,13.8,1119,8.0
2006,Race/ethnicity of households,Hispanic,,12879,10367,80.5,2512,19.5,1780,13.8,732,5.7
2006,Race/ethnicity of households,Other,,6409,5793,90.4,616,9.6,370,5.8,246,3.8
2006,Household income-to-poverty ratio,Under 1.00,,11829,7533,63.7,4296,36.3,2540,21.5,1756,14.8
2006,Household income-to-poverty ratio,Under 1.30,,16830,11265,66.9,5565,33.1,3363,20.0,2202,13.1
2006,Household income-to-poverty ratio,Under 1.85,,27613,20075,72.7,7538,27.3,4593,16.6,2945,10.7
2006,Household income-to-poverty ratio,1.85 and over,,64495,61059,94.7,3436,5.3,2364,3.7,1072,1.7
2006,Household income-to-poverty ratio,Income unknown,,23500,21826,92.9,1674,7.1,1074,4.6,600,2.6
2006,Area of residence,Inside metropolitan area,,96192,85870,89.3,10322,10.7,6557,6.8,3765,3.9
2006,Area of residence,Inside metropolitan area,In principal cities,32054,27832,86.8,4222,13.2,2622,8.2,1600,5.0
2006,Area of residence,Inside metropolitan area,Not in principal cities,47541,43243,91.0,4298,9.0,2793,5.9,1505,3.2
2006,Area of residence,Outside metropolitan area,,19417,17091,88.0,2326,12.0,1474,7.6,852,4.4
2006,Census geographic region,Northeast,,21302,19343,90.8,1959,9.2,1195,5.6,764,3.6
2006,Census geographic region,Midwest,,26560,23717,89.3,2843,10.7,1804,6.8,1039,3.9
2006,Census geographic region,South,,42283,37099,87.7,5184,12.3,3361,7.9,1823,4.3
2006,Census geographic region,West,,25464,22802,89.5,2662,10.5,1671,6.6,991,3.9
2007,All households,,,117100,104089,88.9,13011,11.1,8262,7.0,4749,4.1
2007,Household composition,With children < 18 years,,39390,33160,84.2,6230,15.8,4376,11.1,1854,4.7
2007,Household composition,With children < 18 years,With children < 6 years,17549,14550,82.9,2999,17.1,2251,12.8,748,4.3
2007,Household composition,With children < 18 years,Married-couple families,26645,23852,89.5,2793,10.5,2074,7.8,719,2.7
2007,Household composition,With children < 18 years,"Female head, no spouse",9458,6600,69.8,2858,30.2,1882,19.9,976,10.3
2007,Household composition,With children < 18 years,"Male head, no spouse",2621,2150,82.0,471,18.0,335,12.8,136,5.2
2007,Household composition,With children < 18 years,Other household with child,667,560,84.0,107,16.0,84,12.6,23,3.4
2007,Household composition,With no children < 18 years,,77710,70928,91.3,6782,8.7,3887,5.0,2895,3.7
2007,Household composition,With no children < 18 years,More than one adult,45350,42291,93.3,3059,6.7,1851,4.1,1208,2.7
2007,Household composition,With no children < 18 years,Women living alone,18395,16242,88.3,2153,11.7,1179,6.4,974,5.3
2007,Household composition,With no children < 18 years,Men living alone,13966,12396,88.8,1570,11.2,856,6.1,714,5.1
2007,Household composition,With elderly,,27469,25692,93.5,1777,6.5,1131,4.1,646,2.4
2007,Household composition,With elderly,Elderly living alone,10746,9963,92.7,783,7.3,480,4.5,303,2.8
2007,Race/ethnicity of households,White non-Hispanic,,82882,76342,92.1,6540,7.9,4008,4.8,2532,3.1
2007,Race/ethnicity of households,Black non-Hispanic,,14209,11057,77.8,3152,22.2,2064,14.5,1088,7.7
2007,Race/ethnicity of households,Hispanic,,13378,10694,79.9,2684,20.1,1798,13.4,886,6.6
2007,Race/ethnicity of households,Other,,6632,5996,90.4,636,9.6,392,5.9,244,3.7
2007,Household income-to-poverty ratio,Under 1.00,,11688,7282,62.3,4406,37.7,2669,22.8,1737,14.9
2007,Household income-to-poverty ratio,Under 1.30,,17395,11451,65.8,5944,34.2,3574,20.5,2370,13.6
2007,Household income-to-poverty ratio,Under 1.85,,27378,19534,71.3,7844,28.7,4780,17.5,3064,11.2
2007,Household income-to-poverty ratio,1.85 and over,,65898,62244,94.5,3654,5.5,2429,3.7,1225,1.9
2007,Household income-to-poverty ratio,Income unknown,,23825,22312,93.6,1513,6.4,1053,4.4,460,1.9
2007,Area of residence,Inside metropolitan area,,97572,86850,89.0,10722,11.0,6807,7.0,3915,4.0
2007,Area of residence,Inside metropolitan area,In principal cities,32843,28420,86.5,4423,13.5,2772,8.4,1651,5.0
2007,Area of residence,Inside metropolitan area,Not in principal cities,47971,43640,91.0,4331,9.0,2865,6.0,1466,3.1
2007,Area of residence,Outside metropolitan area,,19528,17239,88.3,2289,11.7,1455,7.5,834,4.3
2007,Census geographic region,Northeast,,21353,19147,89.7,2206,10.3,1469,6.9,737,3.5
2007,Census geographic region,Midwest,,26506,23658,89.3,2848,10.7,1741,6.6,1107,4.2
2007,Census geographic region,South,,43246,38145,88.2,5101,11.8,3262,7.5,1839,4.3
2007,Census geographic region,West,,25995,23139,89.0,2856,11.0,1790,6.9,1066,4.1
2008,All households,,,117565,100416,85.4,17149,14.6,10426,8.9,6723,5.7
2008,Household composition,With children < 18 years,,39699,31364,79.0,8335,21.0,5718,14.4,2617,6.6
2008,Household composition,With children < 18 years,With children < 6 years,17503,13595,77.7,3908,22.3,2818,16.1,1090,6.2
2008,Household composition,With children < 18 years,Married-couple families,26705,22887,85.7,3818,14.3,2735,10.2,1083,4.1
2008,Household composition,With children < 18 years,"Female head, no spouse",9639,6057,62.8,3582,37.2,2296,23.8,1286,13.3
2008,Household composition,With children < 18 years,"Male head, no spouse",2782,2013,72.4,769,27.6,569,20.5,200,7.2
2008,Household composition,With children < 18 years,Other household with child,572,405,70.8,167,29.2,118,20.6,49,8.6
2008,Household composition,With no children < 18 years,,77866,69052,88.7,8814,11.3,4708,6.0,4106,5.3
2008,Household composition,With no children < 18 years,More than one adult,45772,41610,90.9,4162,9.1,2409,5.3,1753,3.8
2008,Household composition,With no children < 18 years,Women living alone,17934,15266,85.1,2668,14.9,1284,7.2,1384,7.7
2008,Household composition,With no children < 18 years,Men living alone,14160,12177,86.0,1983,14.0,1015,7.2,968,6.8
2008,Household composition,With elderly,,28211,25927,91.9,2284,8.1,1402,5.0,882,3.1
2008,Household composition,With elderly,Elderly living alone,11148,10168,91.2,980,8.8,552,5.0,428,3.8
2008,Race/ethnicity of households,White non-Hispanic,,82935,74041,89.3,8894,10.7,5154,6.2,3740,4.5
2008,Race/ethnicity of households,Black non-Hispanic,,14441,10732,74.3,3709,25.7,2251,15.6,1458,10.1
2008,Race/ethnicity of households,Hispanic,,13504,9873,73.1,3631,26.9,2439,18.1,1192,8.8
2008,Race/ethnicity of households,Other,,6686,5772,86.3,914,13.7,582,8.7,332,5.0
2008,Household income-to-poverty ratio,Under 1.00,,13117,7576,57.8,5541,42.2,3014,23.0,2527,19.3
2008,Household income-to-poverty ratio,Under 1.30,,20383,12427,61.0,7956,39.0,4403,21.6,3553,17.4
2008,Household income-to-poverty ratio,Under 1.85,,29680,19622,66.1,10058,33.9,5731,19.3,4327,14.6
2008,Household income-to-poverty ratio,1.85 and over,,70433,65038,92.3,5395,7.7,3595,5.1,1800,2.6
2008,Household income-to-poverty ratio,Income unknown,,17452,15755,90.3,1697,9.7,1101,6.3,596,3.4
2008,Area of residence,Inside metropolitan area,,98189,83790,85.3,14399,14.7,8757,8.9,5642,5.7
2008,Area of residence,Inside metropolitan area,In principal cities,32808,27006,82.3,5802,17.7,3634,11.1,2168,6.6
2008,Area of residence,Inside metropolitan area,Not in principal cities,48239,42125,87.3,6114,12.7,3650,7.6,2464,5.1
2008,Area of residence,Outside metropolitan area,,19375,16625,85.8,2750,14.2,1669,8.6,1081,5.6
2008,Census geographic region,Northeast,,21341,18616,87.2,2725,12.8,1610,7.5,1115,5.2
2008,Census geographic region,Midwest,,26370,22671,86.0,3699,14.0,2254,8.5,1445,5.5
2008,Census geographic region,South,,43542,36621,84.1,6921,15.9,4216,9.7,2705,6.2
2008,Census geographic region,West,,26311,22507,85.5,3804,14.5,2346,8.9,1458,5.5
2009,All households,,,118174,100820,85.3,17354,14.7,10601,9.0,6753,5.7
2009,Household composition,With children < 18 years,,39525,31114,78.7,8411,21.3,5812,14.7,2599,6.6
2009,Household composition,With children < 18 years,With children < 6 years,17598,13566,77.1,4032,22.9,2896,16.5,1136,6.5
2009,Household composition,With children < 18 years,Married-couple families,26334,22475,85.3,3859,14.7,2818,10.7,1041,4.0
2009,Household composition,With children < 18 years,"Female head, no spouse",9700,6146,63.4,3554,36.6,2300,23.7,1254,12.9
2009,Household composition,With children < 18 years,"Male head, no spouse",2883,2082,72.2,801,27.8,561,19.5,240,8.3
2009,Household composition,With children < 18 years,Other household with child,607,410,67.5,197,32.5,133,21.9,64,10.5
2009,Household composition,With no children < 18 years,,78649,69706,88.6,8943,11.4,4789,6.1,4154,5.3
2009,Household composition,With no children < 18 years,More than one adult,46677,42404,90.8,4273,9.2,2443,5.2,1830,3.9
2009,Household composition,With no children < 18 years,Women living alone,17662,15064,85.3,2598,14.7,1288,7.3,1310,7.4
2009,Household composition,With no children < 18 years,Men living alone,14310,12238,85.5,2072,14.5,1058,7.4,1014,7.1
2009,Household composition,With elderly,,28912,26743,92.5,2169,7.5,1416,4.9,753,2.6
2009,Household composition,With elderly,Elderly living alone,11300,10416,92.2,884,7.8,536,4.7,348,3.1
2009,Race/ethnicity of households,White non-Hispanic,,83259,74066,89.0,9193,11.0,5394,6.5,3799,4.6
2009,Race/ethnicity of households,Black non-Hispanic,,14519,10908,75.1,3611,24.9,2259,15.6,1352,9.3
2009,Race/ethnicity of households,Hispanic,,13566,9922,73.1,3644,26.9,2388,17.6,1256,9.3
2009,Race/ethnicity of households,Other,,6830,5926,86.8,904,13.2,559,8.2,345,5.1
2009,Household income-to-poverty ratio,Under 1.00,,13193,7525,57.0,5668,43.0,3221,24.4,2447,18.5
2009,Household income-to-poverty ratio,Under 1.30,,19913,12000,60.3,7913,39.7,4520,22.7,3393,17.0
2009,Household income-to-poverty ratio,Under 1.85,,29454,19194,65.2,10260,34.8,6020,20.4,4240,14.4
2009,Household income-to-poverty ratio,1.85 and over,,63983,59125,92.4,4858,7.6,3161,4.9,1697,2.7
2009,Household income-to-poverty ratio,Income unknown,,24738,22503,91.0,2235,9.0,1420,5.7,815,3.3
2009,Area of residence,Inside metropolitan area,,98336,83803,85.2,14533,14.8,8843,9.0,5690,5.8
2009,Area of residence,Inside metropolitan area,In principal cities,32690,27059,82.8,5631,17.2,3417,10.5,2214,6.8
2009,Area of residence,Inside metropolitan area,Not in principal cities,48698,42261,86.8,6437,13.2,3912,8.0,2525,5.2
2009,Area of residence,Outside metropolitan area,,19838,17017,85.8,2821,14.2,1757,8.9,1064,5.4
2009,Census geographic region,Northeast,,21403,18787,87.8,2616,12.2,1591,7.4,1025,4.8
2009,Census geographic region,Midwest,,26512,22836,86.1,3676,13.9,2251,8.5,1425,5.4
2009,Census geographic region,South,,43842,36885,84.1,6957,15.9,4228,9.6,2729,6.2
2009,Census geographic region,West,,26417,22312,84.5,4105,15.5,2531,9.6,1574,6.0
2010,All households,,,118756,101527,85.5,17229,14.5,10872,9.2,6357,5.4
2010,Household composition,With children < 18 years,,39419,31447,79.8,7972,20.2,5724,14.5,2248,5.7
2010,Household composition,With children < 18 years,With children < 6 years,17780,13899,78.2,3881,21.8,2850,16.0,1031,5.8
2010,Household composition,With children < 18 years,Married-couple families,25729,22179,86.2,3550,13.8,2636,10.2,914,3.6
2010,Household composition,With children < 18 years,"Female head, no spouse",10081,6547,64.9,3534,35.1,2450,24.3,1084,10.8
2010,Household composition,With children < 18 years,"Male head, no spouse",2980,2223,74.6,757,25.4,558,18.7,199,6.7
2010,Household composition,With children < 18 years,Other household with child,629,498,79.2,131,20.8,81,12.9,50,7.9
2010,Household composition,With no children < 18 years,,79337,70080,88.3,9257,11.7,5148,6.5,4109,5.2
2010,Household composition,With no children < 18 years,More than one adult,47112,42468,90.1,4644,9.9,2781,5.9,1863,4.0
2010,Household composition,With no children < 18 years,Women living alone,17644,15218,86.3,2426,13.7,1329,7.5,1097,6.2
2010,Household composition,With no children < 18 years,Men living alone,14582,12394,85.0,2188,15.0,1038,7.1,1150,7.9
2010,Household composition,With elderly,,29438,27102,92.1,2336,7.9,1563,5.3,773,2.6
2010,Household composition,With elderly,Elderly living alone,11565,10640,92.0,925,8.0,551,4.8,374,3.2
2010,Race/ethnicity of households,White non-Hispanic,,83113,74117,89.2,8996,10.8,5512,6.6,3484,4.2
2010,Race/ethnicity of households,Black non-Hispanic,,14600,10941,74.9,3659,25.1,2332,16.0,1327,9.1
2010,Race/ethnicity of households,Hispanic,,14109,10416,73.8,3693,26.2,2507,17.8,1186,8.4
2010,Race/ethnicity of households,Other,,6933,6052,87.3,881,12.7,521,7.5,360,5.2
2010,Household income-to-poverty ratio,Under 1.00,,15133,9056,59.8,6077,40.2,3584,23.7,2493,16.5
2010,Household income-to-poverty ratio,Under 1.30,,20907,13039,62.4,7868,37.6,4757,22.8,3111,14.9
2010,Household income-to-poverty ratio,Under 1.85,,30101,19940,66.2,10161,33.8,6232,20.7,3929,13.1
2010,Household income-to-poverty ratio,1.85 and over,,62335,57710,92.6,4625,7.4,3092,5.0,1533,2.5
2010,Household income-to-poverty ratio,Income unknown,,26319,23876,90.7,2443,9.3,1548,5.9,895,3.4
2010,Area of residence,Inside metropolitan area,,98657,84379,85.5,14278,14.5,9015,9.1,5263,5.3
2010,Area of residence,Inside metropolitan area,In principal cities,32732,27171,83.0,5561,17.0,3491,10.7,2070,6.3
2010,Area of residence,Inside metropolitan area,Not in principal cities,49000,42831,87.4,6169,12.6,3902,8.0,2267,4.6
2010,Area of residence,Outside metropolitan area,,20099,17147,85.3,2952,14.7,1858,9.2,1094,5.4
2010,Census geographic region,Northeast,,21731,19036,87.6,2695,12.4,1665,7.7,1030,4.7
2010,Census geographic region,Midwest,,26589,23062,86.7,3527,13.3,2153,8.1,1374,5.2
2010,Census geographic region,South,,44270,37203,84.0,7067,16.0,4591,10.4,2476,5.6
2010,Census geographic region,West,,26166,22226,84.9,3940,15.1,2463,9.4,1477,5.6
2011,All households,,,119484,101631,85.1,17853,14.9,11014,9.2,6839,5.7
2011,Household composition,With children < 18 years,,38803,30814,79.4,7989,20.6,5750,14.8,2239,5.8
2011,Household composition,With children < 18 years,With children < 6 years,17281,13494,78.1,3787,21.9,2884,16.7,903,5.2
2011,Household composition,With children < 18 years,Married-couple families,25421,21879,86.1,3542,13.9,2671,10.5,871,3.4
2011,Household composition,With children < 18 years,"Female head, no spouse",9690,6124,63.2,3566,36.8,2452,25.3,1114,11.5
2011,Household composition,With children < 18 years,"Male head, no spouse",3055,2295,75.1,760,24.9,532,17.4,228,7.5
2011,Household composition,With children < 18 years,Other household with child,638,517,81.0,121,19.0,96,15.0,25,3.9
2011,Household composition,With no children < 18 years,,80681,70817,87.8,9864,12.2,5264,6.5,4600,5.7
2011,Household composition,With no children < 18 years,More than one adult,47863,43103,90.1,4760,9.9,2778,5.8,1982,4.1
2011,Household composition,With no children < 18 years,Women living alone,18021,15205,84.4,2816,15.6,1387,7.7,1429,7.9
2011,Household composition,With no children < 18 years,Men living alone,14796,12508,84.5,2288,15.5,1099,7.4,1189,8.0
2011,Household composition,With elderly,,30099,27579,91.6,2520,8.4,1589,5.3,931,3.1
2011,Household composition,With elderly,Elderly living alone,11402,10400,91.2,1002,8.8,579,5.1,423,3.7
2011,Race/ethnicity of households,White non-Hispanic,,83304,73823,88.6,9481,11.4,5689,6.8,3792,4.6
2011,Race/ethnicity of households,Black non-Hispanic,,14765,11066,74.9,3699,25.1,2155,14.6,1544,10.5
2011,Race/ethnicity of households,Hispanic,,14410,10629,73.8,3781,26.2,2583,17.9,1198,8.3
2011,Race/ethnicity of households,Other,,7005,6113,87.3,892,12.7,587,8.4,305,4.4
2011,Household income-to-poverty ratio,Under 1.00,,15557,9164,58.9,6393,41.1,3616,23.2,2777,17.9
2011,Household income-to-poverty ratio,Under 1.30,,22168,13825,62.4,8343,37.6,4763,21.5,3580,16.1
2011,Household income-to-poverty ratio,Under 1.85,,31437,20593,65.5,10844,34.5,6376,20.3,4468,14.2
2011,Household income-to-poverty ratio,1.85 and over,,62244,57888,93.0,4356,7.0,2938,4.7,1418,2.3
2011,Household income-to-poverty ratio,Income unknown,,25802,23149,89.7,2653,10.3,1700,6.6,953,3.7
2011,Area of residence,Inside metropolitan area,,99835,84999,85.1,14836,14.9,9163,9.2,5673,5.7
2011,Area of residence,Inside metropolitan area,In principal cities,33515,27597,82.3,5918,17.7,3646,10.9,2272,6.8
2011,Area of residence,Inside metropolitan area,Not in principal cities,49253,42770,86.8,6483,13.2,4013,8.1,2470,5.0
2011,Area of residence,Outside metropolitan area,,19649,16632,84.6,3017,15.4,1851,9.4,1166,5.9
2011,Census geographic region,Northeast,,21650,18736,86.5,2914,13.5,1777,8.2,1137,5.3
2011,Census geographic region,Midwest,,26359,22798,86.5,3561,13.5,2141,8.1,1420,5.4
2011,Census geographic region,South,,44772,37618,84.0,7154,16.0,4431,9.9,2723,6.1
2011,Census geographic region,West,,26703,22478,84.2,4225,15.8,2665,10.0,1560,5.8
2012,All households,,,121546,103914,85.5,17632,14.5,10679,8.8,6953,5.7
2012,Household composition,With children < 18 years,,39201,31354,80.0,7847,20.0,5478,14.0,2369,6.0
2012,Household composition,With children < 18 years,With children < 6 years,17325,13770,79.5,3555,20.5,2608,15.1,947,5.5
2012,Household composition,With children < 18 years,Married-couple families,25233,21907,86.8,3326,13.2,2500,9.9,826,3.3
2012,Household composition,With children < 18 years,"Female head, no spouse",10373,6705,64.6,3668,35.4,2351,22.7,1317,12.7
2012,Household composition,With children < 18 years,"Male head, no spouse",3008,2299,76.4,709,23.6,519,17.3,190,6.3
2012,Household composition,With children < 18 years,Other household with child,587,443,75.5,144,24.5,108,18.4,36,6.1
2012,Household composition,With no children < 18 years,,82345,72560,88.1,9785,11.9,5201,6.3,4584,5.6
2012,Household composition,With no children < 18 years,More than one adult,49577,44726,90.2,4851,9.8,2695,5.4,2156,4.3
2012,Household composition,With no children < 18 years,Women living alone,17903,15162,84.7,2741,15.3,1400,7.8,1341,7.5
2012,Household composition,With no children < 18 years,Men living alone,14865,12673,85.3,2192,14.7,1106,7.4,1086,7.3
2012,Household composition,With elderly,,31932,29122,91.2,2810,8.8,1682,5.3,1128,3.5
2012,Household composition,With elderly,Elderly living alone,11706,10643,90.9,1063,9.1,595,5.1,468,4.0
2012,Race/ethnicity of households,White non-Hispanic,,83217,73914,88.8,9303,11.2,5452,6.6,3851,4.6
2012,Race/ethnicity of households,Black non-Hispanic,,14976,11287,75.4,3689,24.6,2136,14.3,1553,10.4
2012,Race/ethnicity of households,Hispanic,,15613,11982,76.7,3631,23.3,2469,15.8,1162,7.4
2012,Race/ethnicity of households,Other,,7740,6730,87.0,1010,13.0,623,8.0,387,5.0
2012,Household income-to-poverty ratio,Under 1.00,,15547,9196,59.1,6351,40.9,3526,22.7,2825,18.2
2012,Household income-to-poverty ratio,Under 1.30,,21797,13472,61.8,8325,38.2,4676,21.5,3649,16.7
2012,Household income-to-poverty ratio,Under 1.85,,31259,20534,65.7,10725,34.3,6197,19.8,4528,14.5
2012,Household income-to-poverty ratio,1.85 and over,,64274,59882,93.2,4392,6.8,2916,4.5,1476,2.3
2012,Household income-to-poverty ratio,Income unknown,,26013,23497,90.3,2516,9.7,1567,6.0,949,3.6
2012,Area of residence,Inside metropolitan area,,101476,86961,85.7,14515,14.3,8809,8.7,5706,5.6
2012,Area of residence,Inside metropolitan area,In principal cities,33959,28214,83.1,5745,16.9,3468,10.2,2277,6.7
2012,Area of residence,Inside metropolitan area,Not in principal cities,50358,43957,87.3,6401,12.7,3930,7.8,2471,4.9
2012,Area of residence,Outside metropolitan area,,20070,16953,84.5,3117,15.5,1870,9.3,1247,6.2
2012,Census geographic region,Northeast,,21693,19102,88.1,2591,11.9,1594,7.3,997,4.6
2012,Census geographic region,Midwest,,27051,23222,85.8,3829,14.2,2128,7.9,1701,6.3
2012,Census geographic region,South,,45731,38404,84.0,7327,16.0,4660,10.2,2667,5.8
2012,Census geographic region,West,,27071,23186,85.6,3885,14.4,2297,8.5,1588,5.9
2013,All households,,,122579,105070,85.7,17509,14.3,10664,8.7,6845,5.6
2013,Household composition,With children < 18 years,,38486,30979,80.5,7507,19.5,5240,13.6,2267,5.9
2013,Household composition,With children < 18 years,With children < 6 years,16942,13405,79.1,3537,20.9,2556,15.1,981,5.8
2013,Household composition,With children < 18 years,Married-couple families,24896,21700,87.2,3196,12.8,2283,9.2,913,3.7
2013,Household composition,With children < 18 years,"Female head, no spouse",10025,6577,65.6,3448,34.4,2362,23.6,1086,10.8
2013,Household composition,With children < 18 years,"Male head, no spouse",3025,2327,76.9,698,23.1,501,16.6,197,6.5
2013,Household composition,With children < 18 years,Other household with child,540,374,69.3,166,30.7,95,17.6,71,13.1
2013,Household composition,With no children < 18 years,,84093,74092,88.1,10001,11.9,5423,6.4,4578,5.4
2013,Household composition,With no children < 18 years,More than one adult,50145,45201,90.1,4944,9.9,2913,5.8,2031,4.1
2013,Household composition,With no children < 18 years,Women living alone,18686,15853,84.8,2833,15.2,1453,7.8,1380,7.4
2013,Household composition,With no children < 18 years,Men living alone,15263,13038,85.4,2225,14.6,1058,6.9,1167,7.6
2013,Household composition,With elderly,,33244,30354,91.3,2890,8.7,1866,5.6,1024,3.1
2013,Household composition,With elderly,Elderly living alone,12341,11232,91.0,1109,9.0,657,5.3,452,3.7
2013,Race/ethnicity of households,White non-Hispanic,,83496,74636,89.4,8860,10.6,5033,6.0,3827,4.6
2013,Race/ethnicity of households,Black non-Hispanic,,15311,11322,73.9,3989,26.1,2442,15.9,1547,10.1
2013,Race/ethnicity of households,Hispanic,,15648,11939,76.3,3709,23.7,2660,17.0,1049,6.7
2013,Race/ethnicity of households,Other,,8124,7175,88.3,949,11.7,528,6.5,421,5.2
2013,Household income-to-poverty ratio,Under 1.00,,14819,8583,57.9,6236,42.1,3489,23.5,2747,18.5
2013,Household income-to-poverty ratio,Under 1.30,,20715,12657,61.1,8058,38.9,4589,22.2,3469,16.7
2013,Household income-to-poverty ratio,Under 1.85,,29809,19429,65.2,10380,34.8,6089,20.4,4291,14.4
2013,Household income-to-poverty ratio,1.85 and over,,62985,58774,93.3,4211,6.7,2784,4.4,1427,2.3
2013,Household income-to-poverty ratio,Income unknown,,29786,26869,90.2,2917,9.8,1790,6.0,1127,3.8
2013,Area of residence,Inside metropolitan area,,102936,88384,85.9,14552,14.1,8857,8.6,5695,5.5
2013,Area of residence,Inside metropolitan area,In principal cities,34425,28667,83.3,5758,16.7,3593,10.4,2165,6.3
2013,Area of residence,Inside metropolitan area,Not in principal cities,51077,44904,87.9,6173,12.1,3721,7.3,2452,4.8
2013,Area of residence,Outside metropolitan area,,19643,16686,84.9,2957,15.1,1807,9.2,1150,5.9
2013,Census geographic region,Northeast,,21894,19190,87.6,2704,12.4,1636,7.5,1068,4.9
2013,Census geographic region,Midwest,,27097,23420,86.4,3677,13.6,2198,8.1,1479,5.5
2013,Census geographic region,South,,46256,38974,84.3,7282,15.7,4421,9.6,2861,6.2
2013,Census geographic region,West,,27331,23486,85.9,3845,14.1,2408,8.8,1437,5.3
2014,All households,,,124044,106618,86.0,17426,14.0,10488,8.4,6938,5.6
2014,Household composition,With children < 18 years,,39079,31590,80.8,7489,19.2,5147,13.2,2342,6.0
2014,Household composition,With children < 18 years,With children < 6 years,17211,13786,80.1,3425,19.9,2457,14.3,968,5.6
2014,Household composition,With children < 18 years,Married-couple families,25376,22226,87.6,3150,12.4,2346,9.2,804,3.2
2014,Household composition,With children < 18 years,"Female head, no spouse",9912,6411,64.7,3501,35.3,2230,22.5,1271,12.8
2014,Household composition,With children < 18 years,"Male head, no spouse",3237,2533,78.3,704,21.7,476,14.7,228,7.0
2014,Household composition,With children < 18 years,Other household with child,554,419,75.6,135,24.4,96,17.3,39,7.0
2014,Household composition,With no children < 18 years,,84965,75029,88.3,9936,11.7,5340,6.3,4596,5.4
2014,Household composition,With no children < 18 years,More than one adult,50621,45731,90.3,4890,9.7,2772,5.5,2118,4.2
2014,Household composition,With no children < 18 years,Women living alone,19062,16149,84.7,2913,15.3,1541,8.1,1372,7.2
2014,Household composition,With no children < 18 years,Men living alone,15283,13150,86.0,2133,14.0,1027,6.7,1106,7.2
2014,Household composition,With elderly,,34269,31230,91.1,3039,8.9,1941,5.7,1098,3.2
2014,Household composition,With elderly,Elderly living alone,12792,11608,90.7,1184,9.3,704,5.5,480,3.8
2014,Race/ethnicity of households,White non-Hispanic,,84127,75335,89.5,8792,10.5,4966,5.9,3826,4.5
2014,Race/ethnicity of households,Black non-Hispanic,,15424,11393,73.9,4031,26.1,2434,15.8,1597,10.4
2014,Race/ethnicity of households,Hispanic,,16148,12527,77.6,3621,22.4,2502,15.5,1119,6.9
2014,Race/ethnicity of households,Other,,8346,7365,88.2,981,11.8,585,7.0,396,4.7
2014,Household income-to-poverty ratio,Under 1.00,,15812,9560,60.5,6252,39.5,3409,21.6,2843,18.0
2014,Household income-to-poverty ratio,Under 1.30,,20783,13009,62.6,7774,37.4,4290,20.6,3484,16.8
2014,Household income-to-poverty ratio,Under 1.85,,31376,20790,66.3,10586,33.7,6030,19.2,4556,14.5
2014,Household income-to-poverty ratio,1.85 and over,,64200,60153,93.7,4047,6.3,2683,4.2,1364,2.1
2014,Household income-to-poverty ratio,Income unknown,,28468,25676,90.2,2792,9.8,1775,6.2,1017,3.6
2014,Area of residence,Inside metropolitan area,,104931,90781,86.5,14150,13.5,8601,8.2,5549,5.3
2014,Area of residence,Inside metropolitan area,In principal cities,35672,30085,84.3,5587,15.7,3476,9.7,2111,5.9
2014,Area of residence,Inside metropolitan area,Not in principal cities,51892,45779,88.2,6113,11.8,3600,6.9,2513,4.8
2014,Area of residence,Outside metropolitan area,,19114,15839,82.9,3275,17.1,1886,9.9,1389,7.3
2014,Census geographic region,Northeast,,22156,19209,86.7,2947,13.3,1789,8.1,1158,5.2
2014,Census geographic region,Midwest,,27260,23489,86.2,3771,13.8,2180,8.0,1591,5.8
2014,Census geographic region,South,,46869,39803,84.9,7066,15.1,4235,9.0,2831,6.0
2014,Census geographic region,West,,27760,24119,86.9,3641,13.1,2284,8.2,1357,4.9
2015,All households,,,125164,109315,87.3,15849,12.7,9540,7.6,6309,5.0
2015,Household composition,With children < 18 years,,38978,32519,83.4,6459,16.6,4557,11.7,1902,4.9
2015,Household composition,With children < 18 years,With children < 6 years,16995,14129,83.1,2866,16.9,2146,12.6,720,4.2
2015,Household composition,With children < 18 years,Married-couple families,25232,22670,89.8,2562,10.2,1923,7.6,639,2.5
2015,Household composition,With children < 18 years,"Female head, no spouse",10117,7052,69.7,3065,30.3,2109,20.8,956,9.4
2015,Household composition,With children < 18 years,"Male head, no spouse",3133,2432,77.6,701,22.4,443,14.1,258,8.2
2015,Household composition,With children < 18 years,Other household with child,496,366,73.8,130,26.2,82,16.5,48,9.7
2015,Household composition,With no children < 18 years,,86187,76796,89.1,9391,10.9,4983,5.8,4408,5.1
2015,Household composition,With no children < 18 years,More than one adult,51357,46976,91.5,4381,8.5,2504,4.9,1877,3.7
2015,Household composition,With no children < 18 years,Women living alone,18954,16169,85.3,2785,14.7,1413,7.5,1372,7.2
2015,Household composition,With no children < 18 years,Men living alone,15876,13652,86.0,2224,14.0,1065,6.7,1159,7.3
2015,Household composition,With elderly,,35265,32340,91.7,2925,8.3,1789,5.1,1136,3.2
2015,Household composition,With elderly,Elderly living alone,13137,11932,90.8,1205,9.2,657,5.0,548,4.2
2015,Race/ethnicity of households,White non-Hispanic,,83931,75563,90.0,8368,10.0,4759,5.7,3609,4.3
2015,Race/ethnicity of households,Black non-Hispanic,,15734,12357,78.5,3377,21.5,2127,13.5,1250,7.9
2015,Race/ethnicity of households,Hispanic,,16803,13592,80.9,3211,19.1,2132,12.7,1079,6.4
2015,Race/ethnicity of households,Other,,8695,7803,89.7,892,10.3,521,6.0,371,4.3
2015,Household income-to-poverty ratio,Under 1.00,,14070,8687,61.7,5383,38.3,3006,21.4,2377,16.9
2015,Household income-to-poverty ratio,Under 1.30,,18917,11954,63.2,6963,36.8,3966,21.0,2997,15.8
2015,Household income-to-poverty ratio,Under 1.85,,28994,19479,67.2,9515,32.8,5572,19.2,3943,13.6
2015,Household income-to-poverty ratio,1.85 and over,,65319,61552,94.2,3767,5.8,2376,3.6,1391,2.1
2015,Household income-to-poverty ratio,Income unknown,,30851,28282,91.7,2569,8.3,1593,5.2,976,3.2
2015,Area of residence,Inside metropolitan area,,106990,93947,87.8,13043,12.2,7843,7.3,5200,4.9
2015,Area of residence,Inside metropolitan area,In principal cities,36809,31606,85.9,5203,14.1,3240,8.8,1963,5.3
2015,Area of residence,Inside metropolitan area,Not in principal cities,53585,48023,89.6,5562,10.4,3304,6.2,2258,4.2
2015,Area of residence,Outside metropolitan area,,18175,15369,84.6,2806,15.4,1697,9.3,1109,6.1
2015,Census geographic region,Northeast,,22300,19640,88.1,2660,11.9,1616,7.2,1044,4.7
2015,Census geographic region,Midwest,,27199,23727,87.2,3472,12.8,2069,7.6,1403,5.2
2015,Census geographic region,South,,47389,41101,86.7,6288,13.3,3750,7.9,2538,5.4
2015,Census geographic region,West,,28277,24848,87.9,3429,12.1,2105,7.4,1324,4.7
2016,All households,,,126401,110850,87.7,15551,12.3,9413,7.4,6138,4.9
2016,Household composition,With children < 18 years,,38400,32059,83.5,6341,16.5,4501,11.7,1840,4.8
2016,Household composition,With children < 18 years,With children < 6 years,16571,13820,83.4,2751,16.6,1923,11.6,828,5.0
2016,Household composition,With children < 18 years,Married-couple families,25031,22560,90.1,2471,9.9,1843,7.4,628,2.5
2016,Household composition,With children < 18 years,"Female head, no spouse",9780,6692,68.4,3088,31.6,2061,21.1,1027,10.5
2016,Household composition,With children < 18 years,"Male head, no spouse",3070,2403,78.3,667,21.7,509,16.6,158,5.1
2016,Household composition,With children < 18 years,Other household with child,519,404,77.8,115,22.2, NA,NA, NA,NA
2016,Household composition,With no children < 18 years,,88001,78792,89.5,9209,10.5,4911,5.6,4298,4.9
2016,Household composition,With no children < 18 years,More than one adult,52353,48162,92.0,4191,8.0,2411,4.6,1780,3.4
2016,Household composition,With no children < 18 years,Women living alone,19649,16910,86.1,2739,13.9,1420,7.2,1319,6.7
2016,Household composition,With no children < 18 years,Men living alone,15999,13719,85.7,2280,14.3,1080,6.8,1200,7.5
2016,Household composition,With elderly,,36335,33496,92.2,2839,7.8,1786,4.9,1053,2.9
2016,Household composition,With elderly,Elderly living alone,13529,12326,91.1,1203,8.9,733,5.4,470,3.5
2016,Race/ethnicity of households,White non-Hispanic,,84087,76271,90.7,7816,9.3,4591,5.5,3225,3.8
2016,Race/ethnicity of households,Black non-Hispanic,,15940,12346,77.5,3594,22.5,2048,12.8,1546,9.7
2016,Race/ethnicity of households,Hispanic,,17054,13907,81.5,3147,18.5,2152,12.7,995,5.8
2016,Race/ethnicity of households,Other,,9319,8325,89.3,994,10.7,622,6.7,372,4.0
2016,Household income-to-poverty ratio,Under 1.00,,13929,8598,61.7,5331,38.3,2920,21.0,2411,17.3
2016,Household income-to-poverty ratio,Under 1.30,,18522,11917,64.3,6605,35.7,3725,20.2,2880,15.5
2016,Household income-to-poverty ratio,Under 1.85,,29025,19860,68.4,9165,31.6,5319,18.3,3846,13.3
2016,Household income-to-poverty ratio,1.85 and over,,67785,64001,94.4,3784,5.6,2499,3.7,1285,1.9
2016,Household income-to-poverty ratio,Income unknown,,29590,26988,91.2,2602,8.8,1595,5.4,1007,3.4
2016,Area of residence,Inside metropolitan area,,108118,95315,88.2,12803,11.8,7868,7.2,4935,4.6
2016,Area of residence,Inside metropolitan area,In principal cities,37176,31879,85.8,5297,14.2,3117,8.3,2180,5.9
2016,Area of residence,Inside metropolitan area,Not in principal cities,54399,49222,90.5,5177,9.5,3286,6.0,1891,3.5
2016,Area of residence,Outside metropolitan area,,18283,15535,85.0,2748,15.0,1545,8.4,1203,6.6
2016,Census geographic region,Northeast,,22669,20217,89.2,2452,10.8,1594,7.0,858,3.8
2016,Census geographic region,Midwest,,27307,23976,87.8,3331,12.2,1871,6.9,1460,5.3
2016,Census geographic region,South,,47966,41476,86.5,6490,13.5,3890,8.1,2600,5.4
2016,Census geographic region,West,,28458,25180,88.5,3278,11.5,2057,7.2,1221,4.3
2017,All households,,,127272,112254,88.2,15018,11.8,9261,7.3,5757,4.5
2017,Household composition,With children < 18 years,,37942,31976,84.3,5966,15.7,4421,11.7,1545,4.1
2017,Household composition,With children < 18 years,With children < 6 years,16200,13551,83.6,2649,16.4,2008,12.4,641,4.0
2017,Household composition,With children < 18 years,Married-couple families,24744,22383,90.5,2361,9.5,1876,7.6,485,2.0
2017,Household composition,With children < 18 years,"Female head, no spouse",9561,6663,69.7,2898,30.3,2038,21.3,860,9.0
2017,Household composition,With children < 18 years,"Male head, no spouse",3057,2455,80.3,602,19.7,429,14.0,173,5.7
2017,Household composition,With children < 18 years,Other household with child,581,476,81.9,105,18.1,NA,NA,NA,NA
2017,Household composition,With no children < 18 years,,89330,80278,89.9,9052,10.1,4840,5.4,4212,4.7
2017,Household composition,With no children < 18 years,More than one adult,53107,48997,92.3,4110,7.7,2357,4.4,1753,3.3
2017,Household composition,With no children < 18 years,Women living alone,19963,17195,86.1,2768,13.9,1362,6.8,1406,7.0
2017,Household composition,With no children < 18 years,Men living alone,16260,14087,86.6,2173,13.4,1120,6.9,1053,6.5
2017,Household composition,With elderly,,37805,34814,92.1,2991,7.9,1833,4.8,1158,3.1
2017,Household composition,With elderly,Elderly living alone,14312,13078,91.4,1234,8.6,710,5.0,524,3.7
2017,Race/ethnicity of households,White non-Hispanic,,84548,77083,91.2,7465,8.8,4389,5.2,3076,3.6
2017,Race/ethnicity of households,Black non-Hispanic,,16358,12799,78.2,3559,21.8,2164,13.2,1395,8.5
2017,Race/ethnicity of households,Hispanic,,17197,14108,82.0,3089,18.0,2137,12.4,952,5.5
2017,Race/ethnicity of households,Other,,9169,8263,90.1,906,9.9,572,6.2,334,3.6
2017,Household income-to-poverty ratio,Under 1.00,,12871,8135,63.2,4736,36.8,2641,20.5,2095,16.3
2017,Household income-to-poverty ratio,Under 1.30,,17271,11318,65.5,5953,34.5,3387,19.6,2566,14.9
2017,Household income-to-poverty ratio,Under 1.85,,27012,18699,69.2,8313,30.8,4901,18.1,3412,12.6
2017,Household income-to-poverty ratio,1.85 and over,,69442,65405,94.2,4037,5.8,2783,4.0,1254,1.8
2017,Household income-to-poverty ratio,Income unknown,,30818,28150,91.3,2668,8.7,1577,5.1,1091,3.5
2017,Area of residence,Inside metropolitan area,,108977,96401,88.5,12576,11.5,7807,7.2,4769,4.4
2017,Area of residence,Inside metropolitan area,In principal cities,37365,32199,86.2,5166,13.8,3132,8.4,2034,5.4
2017,Area of residence,Inside metropolitan area,Not in principal cities,55330,50152,90.6,5178,9.4,3204,5.8,1974,3.6
2017,Area of residence,Outside metropolitan area,,18295,15853,86.7,2442,13.3,1454,7.9,988,5.4
2017,Census geographic region,Northeast,,22520,20280,90.1,2240,9.9,1486,6.6,754,3.3
2017,Census geographic region,Midwest,,27581,24346,88.3,3235,11.7,1909,6.9,1326,4.8
2017,Census geographic region,South,,48281,41817,86.6,6464,13.4,3995,8.3,2469,5.1
2017,Census geographic region,West,,28890,25811,89.3,3079,10.7,1871,6.5,1208,4.2
2018,All households,,,129245,114934,88.9,14311,11.1,8730,6.8,5581,4.3
2018,Household composition,With children < 18 years,,37612,32369,86.1,5243,13.9,3750,9.9,1493,4.0
2018,Household composition,With children < 18 years,With children < 6 years,16306,13967,85.7,2339,14.3,1720,10.5,619,3.8
2018,Household composition,With children < 18 years,Married-couple families,24598,22558,91.7,2040,8.3,1633,6.6,407,1.7
2018,Household composition,With children < 18 years,"Female head, no spouse",9349,6753,72.2,2596,27.8,1715,18.4,881,9.4
2018,Household composition,With children < 18 years,"Male head, no spouse",3238,2722,84.1,516,15.9,346,10.6,170,5.3
2018,Household composition,With children < 18 years,Other household with child,427,337,78.9,90,21.1,NA,NA,NA,NA
2018,Household composition,With no children < 18 years,,91633,82565,90.1,9068,9.9,4980,5.4,4088,4.5
2018,Household composition,With no children < 18 years,More than one adult,54274,50222,92.5,4052,7.5,2413,4.5,1639,3.0
2018,Household composition,With no children < 18 years,Women living alone,20225,17352,85.8,2873,14.2,1552,7.7,1321,6.5
2018,Household composition,With no children < 18 years,Men living alone,17134,14991,87.5,2143,12.5,1015,5.9,1128,6.6
2018,Household composition,With elderly,,39125,36191,92.5,2934,7.5,1918,4.9,1016,2.6
2018,Household composition,With elderly,Elderly living alone,14988,13652,91.1,1336,8.9,824,5.5,512,3.4
2018,Race/ethnicity of households,White non-Hispanic,,84975,78106,91.9,6869,8.1,4109,4.9,2760,3.2
2018,Race/ethnicity of households,Black non-Hispanic,,16613,13087,78.8,3526,21.2,2021,12.1,1505,9.1
2018,Race/ethnicity of households,Hispanic,,18101,15164,83.8,2937,16.2,2018,11.1,919,5.1
2018,Race/ethnicity of households,Other,,9556,8577,89.8,979,10.2,582,6.0,397,4.2
2018,Household income-to-poverty ratio,Under 1.00,,12140,7855,64.7,4285,35.3,2356,19.4,1929,15.9
2018,Household income-to-poverty ratio,Under 1.30,,17061,11419,66.9,5642,33.1,3186,18.7,2456,14.4
2018,Household income-to-poverty ratio,Under 1.85,,26836,19033,70.9,7803,29.1,4584,17.1,3219,12.0
2018,Household income-to-poverty ratio,1.85 and over,,70795,66964,94.6,3831,5.4,2517,3.5,1314,1.9
2018,Household income-to-poverty ratio,Income unknown,,31614,28937,91.5,2677,8.5,1629,5.2,1048,3.3
2018,Area of residence,Inside metropolitan area,,111051,99053,89.2,11998,10.8,7299,6.6,4699,4.2
2018,Area of residence,Inside metropolitan area,In principal cities,37881,32877,86.8,5004,13.2,2984,7.9,2020,5.3
2018,Area of residence,Inside metropolitan area,Not in principal cities,55847,50855,91.1,4992,8.9,3083,5.5,1909,3.4
2018,Area of residence,Outside metropolitan area,,18194,15882,87.3,2312,12.7,1430,7.9,882,4.8
2018,Census geographic region,Northeast,,22517,20227,89.8,2290,10.2,1341,6.0,949,4.2
2018,Census geographic region,Midwest,,27791,24781,89.2,3010,10.8,1914,6.9,1096,3.9
2018,Census geographic region,South,,49814,43829,88.0,5985,12.0,3582,7.2,2403,4.8
2018,Census geographic region,West,,29123,26098,89.6,3025,10.4,1892,6.5,1133,3.9
2019,All households,,,129621,115959,89.5,13662,10.5,8340,6.4,5322,4.1
2019,Household composition,With children < 18 years,,37614,32480,86.4,5134,13.6,3677,9.8,1457,3.9
2019,Household composition,With children < 18 years,With children < 6 years,16115,13783,85.5,2332,14.5,1736,10.8,596,3.7
2019,Household composition,With children < 18 years,Married-couple families,24382,22543,92.5,1839,7.5,1494,6.1,345,1.4
2019,Household composition,With children < 18 years,"Female head, no spouse",9349,6663,71.3,2686,28.7,1790,19.1,896,9.6
2019,Household composition,With children < 18 years,"Male head, no spouse",3311,2802,84.6,509,15.4,313,9.5,196,5.9
2019,Household composition,With children < 18 years,Other household with child,572,472,82.5,100,17.5,NA,NA,NA,NA
2019,Household composition,With no children < 18 years,,92007,83479,90.7,8528,9.3,4663,5.1,3865,4.2
2019,Household composition,With no children < 18 years,More than one adult,54420,50762,93.3,3658,6.7,2185,4.0,1473,2.7
2019,Household composition,With no children < 18 years,Women living alone,20886,18161,87.0,2725,13.0,1386,6.6,1339,6.4
2019,Household composition,With no children < 18 years,Men living alone,16701,14556,87.2,2145,12.8,1092,6.5,1053,6.3
2019,Household composition,With elderly,,40220,37318,92.8,2902,7.2,1842,4.6,1060,2.6
2019,Household composition,With elderly,Elderly living alone,15329,13996,91.3,1333,8.7,801,5.2,532,3.5
2019,Race/ethnicity of households,White non-Hispanic,,85196,78438,92.1,6758,7.9,3966,4.7,2792,3.3
2019,Race/ethnicity of households,Black non-Hispanic,,16504,13356,80.9,3148,19.1,1891,11.5,1257,7.6
2019,Race/ethnicity of households,Hispanic,,18035,15216,84.4,2819,15.6,1937,10.7,882,4.9
2019,Race/ethnicity of households,Other,,9886,8949,90.5,937,9.5,546,5.5,391,4.0
2019,Household income-to-poverty ratio,Under 1.00,,11208,7301,65.1,3907,34.9,2167,19.3,1740,15.5
2019,Household income-to-poverty ratio,Under 1.30,,15848,10615,67.0,5233,33.0,3002,18.9,2231,14.1
2019,Household income-to-poverty ratio,Under 1.85,,26604,19248,72.4,7356,27.6,4384,16.5,2972,11.2
2019,Household income-to-poverty ratio,1.85 and over,,70457,66880,94.9,3577,5.1,2387,3.4,1190,1.7
2019,Household income-to-poverty ratio,Income unknown,,32560,29832,91.6,2728,8.4,1569,4.8,1159,3.6
2019,Area of residence,Inside metropolitan area,,111547,100071,89.7,11476,10.3,6990,6.3,4486,4.0
2019,Area of residence,Inside metropolitan area,In principal cities,38411,33662,87.6,4749,12.4,2875,7.5,1874,4.9
2019,Area of residence,Inside metropolitan area,Not in principal cities,55517,50923,91.7,4594,8.3,2867,5.2,1727,3.1
2019,Area of residence,Outside metropolitan area,,18073,15887,87.9,2186,12.1,1350,7.5,836,4.6
2019,Census geographic region,Northeast,,22293,20154,90.4,2139,9.6,1303,5.8,836,3.8
2019,Census geographic region,Midwest,,27894,24956,89.5,2938,10.5,1778,6.4,1160,4.2
2019,Census geographic region,South,,50136,44527,88.8,5609,11.2,3352,6.7,2257,4.5
2019,Census geographic region,West,,29298,26322,89.8,2976,10.2,1907,6.5,1069,3.6
2020,All households,,,130459,116705,89.5,13754,10.5,8613,6.6,5141,3.9
2020,Household composition,With children < 18 years,,37903,32280,85.2,5623,14.8,4166,11.0,1457,3.8
2020,Household composition,With children < 18 years,With children < 6 years,16119,13655,84.7,2464,15.3,1927,12.0,537,3.3
2020,Household composition,With children < 18 years,Married-couple families,24420,22091,90.5,2329,9.5,1869,7.6,460,1.9
2020,Household composition,With children < 18 years,"Female head, no spouse",9774,7070,72.3,2704,27.7,1905,19.5,799,8.2
2020,Household composition,With children < 18 years,"Male head, no spouse",3296,2758,83.7,538,16.3,357,10.8,181,5.5
2020,Household composition,With children < 18 years,Other household with child,413,362,87.7,51,12.3,NA,NA,NA,NA
2020,Household composition,With no children < 18 years,,92556,84425,91.2,8131,8.8,4447,4.8,3684,4.0
2020,Household composition,With no children < 18 years,More than one adult,54662,50775,92.9,3887,7.1,2247,4.1,1640,3.0
2020,Household composition,With no children < 18 years,Women living alone,20881,18579,89.0,2302,11.0,1229,5.9,1073,5.1
2020,Household composition,With no children < 18 years,Men living alone,17013,15072,88.6,1941,11.4,970,5.7,971,5.7
2020,Household composition,With elderly,,41050,38218,93.1,2832,6.9,1797,4.4,1035,2.5
2020,Household composition,With elderly,Elderly living alone,15566,14280,91.7,1286,8.3,755,4.9,531,3.4
2020,Race/ethnicity of households,White non-Hispanic,,85466,79387,92.9,6079,7.1,3547,4.1,2532,3.0
2020,Race/ethnicity of households,Black non-Hispanic,,16686,13058,78.3,3628,21.7,2295,13.7,1333,8.0
2020,Race/ethnicity of households,Hispanic,,18543,15359,82.8,3184,17.2,2263,12.2,921,5.0
2020,Race/ethnicity of households,Other,,9764,8903,91.2,861,8.8,507,5.2,354,3.6
2020,Household income-to-poverty ratio,Under 1.00,,10514,6800,64.7,3714,35.3,2203,20.9,1511,14.4
2020,Household income-to-poverty ratio,Under 1.30,,16474,11021,66.9,5453,33.1,3307,20.1,2146,13.0
2020,Household income-to-poverty ratio,Under 1.85,,25649,18305,71.4,7344,28.6,4582,17.8,2762,10.8
2020,Household income-to-poverty ratio,1.85 and over,,70710,67263,95.1,3447,4.9,2283,3.3,1164,1.6
2020,Household income-to-poverty ratio,Income unknown,,34100,31138,91.3,2962,8.7,1748,5.1,1214,3.6
2020,Area of residence,Inside metropolitan area,,112150,100523,89.6,11627,10.4,7319,6.6,4308,3.8
2020,Area of residence,Inside metropolitan area,In principal cities,38788,33875,87.3,4913,12.7,2974,7.7,1939,5.0
2020,Area of residence,Inside metropolitan area,Not in principal cities,56007,51059,91.2,4948,8.8,3263,5.8,1685,3.0
2020,Area of residence,Outside metropolitan area,,18308,16181,88.4,2127,11.6,1294,7.1,833,4.5
2020,Census geographic region,Northeast,,22247,20177,90.7,2070,9.3,1337,6.0,733,3.3
2020,Census geographic region,Midwest,,27757,25114,90.5,2643,9.5,1416,5.1,1227,4.4
2020,Census geographic region,South,,50770,44536,87.7,6234,12.3,4055,8.0,2179,4.3
2020,Census geographic region,West,,29685,26878,90.5,2807,9.5,1805,6.1,1002,3.4
2021,All households,,,132043,118533,89.8,13510,10.2,8428,6.4,5082,3.8
2021,Household composition,With children < 18 years,,36765,32170,87.5,4595,12.5,3277,8.9,1318,3.6
2021,Household composition,With children < 18 years,With children < 6 years,15406,13418,87.1,1988,12.9,1473,9.6,515,3.3
2021,Household composition,With children < 18 years,Married-couple families,23849,22088,92.6,1761,7.4,1344,5.7,417,1.7
2021,Household composition,With children < 18 years,"Female head, no spouse",9197,6965,75.7,2232,24.3,1497,16.3,735,8.0
2021,Household composition,With children < 18 years,"Male head, no spouse",3194,2678,83.8,516,16.2,374,11.8,142,4.4
2021,Household composition,With children < 18 years,Other household with child,524,438,83.6,86,16.4,NA,NA,NA,NA
2021,Household composition,With no children < 18 years,,95278,86364,90.6,8914,9.4,5150,5.4,3764,4.0
2021,Household composition,With no children < 18 years,More than one adult,56113,52215,93.1,3898,6.9,2458,4.3,1440,2.6
2021,Household composition,With no children < 18 years,Women living alone,21641,18781,86.8,2860,13.2,1568,7.2,1292,6.0
2021,Household composition,With no children < 18 years,Men living alone,17524,15367,87.7,2157,12.3,1125,6.4,1032,5.9
2021,Household composition,With elderly,,42501,39473,92.9,3028,7.1,1858,4.3,1170,2.8
2021,Household composition,With elderly,Elderly living alone,16056,14530,90.5,1526,9.5,798,5.0,728,4.5
2021,Race/ethnicity of households,White non-Hispanic,,85866,79843,93.0,6023,7.0,3754,4.4,2269,2.6
2021,Race/ethnicity of households,Black non-Hispanic,,16951,13597,80.2,3354,19.8,2019,11.9,1335,7.9
2021,Race/ethnicity of households,Hispanic,,19082,15983,83.8,3099,16.2,2059,10.7,1040,5.5
2021,Race/ethnicity of households,Other,,10144,9112,89.8,1032,10.2,595,5.9,437,4.3
2021,Household income-to-poverty ratio,Under 1.00,,11920,8092,67.9,3828,32.1,2187,18.3,1641,13.8
2021,Household income-to-poverty ratio,Under 1.30,,16994,11722,69.0,5272,31.0,3127,18.4,2145,12.6
2021,Household income-to-poverty ratio,Under 1.85,,26506,19470,73.5,7036,26.5,4320,16.3,2716,10.2
2021,Household income-to-poverty ratio,1.85 and over,,71721,68135,95.0,3586,5.0,2328,3.2,1258,1.8
2021,Household income-to-poverty ratio,Income unknown,,33816,30929,91.5,2887,8.5,1779,5.2,1108,3.3
2021,Area of residence,Inside metropolitan area,,113842,102295,89.9,11547,10.1,7219,6.3,4328,3.8
2021,Area of residence,Inside metropolitan area,In principal cities,38360,33684,87.8,4676,12.2,2899,7.6,1777,4.6
2021,Area of residence,Inside metropolitan area,Not in principal cities,58118,53029,91.2,5089,8.8,3228,5.6,1861,3.2
2021,Area of residence,Outside metropolitan area,,18201,16240,89.2,1961,10.8,1208,6.7,753,4.1
2021,Census geographic region,Northeast,,22516,20525,91.2,1991,8.8,1263,5.6,728,3.2
2021,Census geographic region,Midwest,,28301,25505,90.1,2796,9.9,1737,6.2,1059,3.7
2021,Census geographic region,South,,51183,45373,88.6,5810,11.4,3605,7.1,2205,4.3
2021,Census geographic region,West,,30044,27132,90.3,2912,9.7,1822,6.1,1090,3.6
2022,All households,,,132730,115750,87.2,16980,12.8,10187,7.7,6793,5.1
2022,Household composition,With children < 18 years,,37235,30798,82.7,6437,17.3,4404,11.8,2033,5.5
2022,Household composition,With children < 18 years,With children < 6 years,15551,12948,83.3,2603,16.7,1769,11.3,834,5.4
2022,Household composition,With children < 18 years,Married-couple families,24152,21572,89.3,2580,10.7,1965,8.2,615,2.5
2022,Household composition,With children < 18 years,"Female head, no spouse",9207,6160,66.9,3047,33.1,1890,20.5,1157,12.6
2022,Household composition,With children < 18 years,"Male head, no spouse",3437,2708,78.8,729,21.2,488,14.2,241,7.0
2022,Household composition,With children < 18 years,Other household with child,439,358,81.5,81,18.5,NA,NA, NA ,NA
2022,Household composition,With no children < 18 years,,95494,84951,89.0,10543,11.0,5783,6.0,4760,5.0
2022,Household composition,With no children < 18 years,More than one adult,55904,51110,91.4,4794,8.6,2712,4.9,2082,3.7
2022,Household composition,With no children < 18 years,Women living alone,21247,18037,84.9,3210,15.1,1759,8.3,1451,6.8
2022,Household composition,With no children < 18 years,Men living alone,18344,15805,86.2,2539,13.8,1311,7.1,1228,6.7
2022,Household composition,With elderly,,42670,38775,90.9,3895,9.1,2438,5.7,1457,3.4
2022,Household composition,With elderly,Elderly living alone,16381,14509,88.6,1872,11.4,1119,6.8,753,4.6
2022,Race/ethnicity of households,White non-Hispanic,,85603,77682,90.7,7921,9.3,4522,5.3,3399,4.0
2022,Race/ethnicity of households,Black non-Hispanic,,17271,13406,77.6,3865,22.4,2283,13.2,1582,9.2
2022,Race/ethnicity of households,Hispanic,,19507,15453,79.2,4054,20.8,2682,13.8,1372,7.0
2022,Race/ethnicity of households,Other,,10348,9208,89.0,1140,11.0,700,6.7,440,4.3
2022,Household income-to-poverty ratio,Under 1.00,,12948,8193,63.3,4755,36.7,2592,20.0,2163,16.7
2022,Household income-to-poverty ratio,Under 1.30,,18338,11891,64.8,6447,35.2,3583,19.6,2864,15.6
2022,Household income-to-poverty ratio,Under 1.85,,27305,18563,68.0,8742,32.0,5044,18.5,3698,13.5
2022,Household income-to-poverty ratio,1.85 and over,,76680,71500,93.2,5180,6.8,3343,4.4,1837,2.4
2022,Household income-to-poverty ratio,Income unknown,,28744,25685,89.4,3059,10.6,1801,6.2,1258,4.4
2022,Area of residence,Inside metropolitan area,,114666,100347,87.5,14319,12.5,8592,7.5,5727,5.0
2022,Area of residence,Inside metropolitan area,In principal cities,38197,32359,84.7,5838,15.3,3495,9.2,2343,6.1
2022,Area of residence,Inside metropolitan area,Not in principal cities,59281,53079,89.5,6202,10.5,3703,6.3,2499,4.2
2022,Area of residence,Outside metropolitan area,,18063,15401,85.3,2662,14.7,1595,8.8,1067,5.9
2022,Census geographic region,Northeast,,22807,20161,88.4,2646,11.6,1661,7.3,985,4.3
2022,Census geographic region,Midwest,,28581,25050,87.6,3531,12.4,1963,6.9,1568,5.5
2022,Census geographic region,South,,51529,44058,85.5,7471,14.5,4536,8.8,2935,5.7
2022,Census geographic region,West,,29814,26481,88.8,3333,11.2,2027,6.8,1306,4.4
2023,All households,,,132532,114576,86.5,17956,13.5,11157,8.4,6799,5.1
2023,Household composition,With children < 18 years,,36216,29726,82.1,6490,17.9,4518,12.5,1972,5.4
2023,Household composition,With children < 18 years,With children < 6 years,14453,11867,82.1,2586,17.9,1830,12.7,756,5.2
2023,Household composition,With children < 18 years,Married-couple families,23805,21172,88.9,2633,11.1,1989,8.4,644,2.7
2023,Household composition,With children < 18 years,"Female head, no spouse",8799,5744,65.3,3055,34.7,2017,22.9,1038,11.8
2023,Household composition,With children < 18 years,"Male head, no spouse",3187,2467,77.4,720,22.6,447,14.0,273,8.6
2023,Household composition,With children < 18 years,Other household with child,425,342,80.5,83,19.5,NA,NA, NA ,NA
2023,Household composition,With no children < 18 years,,96316,84850,88.1,11466,11.9,6639,6.9,4827,5.0
2023,Household composition,With no children < 18 years,More than one adult,56059,50706,90.5,5353,9.5,3319,5.9,2034,3.6
2023,Household composition,With no children < 18 years,Women living alone,21831,18303,83.8,3528,16.2,1946,9.0,1582,7.2
2023,Household composition,With no children < 18 years,Men living alone,18427,15843,86.0,2584,14.0,1374,7.4,1210,6.6
2023,Household composition,With elderly,,43683,39611,90.7,4072,9.3,2704,6.2,1368,3.1
2023,Household composition,With elderly,Elderly living alone,16613,14791,89.0,1822,11.0,1117,6.8,705,4.2
2023,Race/ethnicity of households,White non-Hispanic,,85275,76855,90.1,8420,9.9,5077,6.0,3343,3.9
2023,Race/ethnicity of households,Black non-Hispanic,,17020,13053,76.7,3967,23.3,2479,14.6,1488,8.7
2023,Race/ethnicity of households,Hispanic,,19593,15298,78.1,4295,21.9,2860,14.6,1435,7.3
2023,Race/ethnicity of households,Other,,10644,9370,88.0,1274,12.0,741,7.0,533,5.0
2023,Household income-to-poverty ratio,Under 1.00,,11725,7193,61.3,4532,38.7,2537,21.7,1995,17.0
2023,Household income-to-poverty ratio,Under 1.30,,16599,10407,62.7,6192,37.3,3598,21.7,2594,15.6
2023,Household income-to-poverty ratio,Under 1.85,,27231,18103,66.5,9128,33.5,5383,19.7,3745,13.8
2023,Household income-to-poverty ratio,1.85 and over,,77973,72126,92.5,5847,7.5,3827,4.9,2020,2.6
2023,Household income-to-poverty ratio,Income unknown,,27328,24348,89.1,2980,10.9,1947,7.1,1033,3.8
2023,Area of residence,Inside metropolitan area,,114065,98963,86.8,15102,13.2,9441,8.2,5661,5.0
2023,Area of residence,Inside metropolitan area,In principal cities,37405,31439,84.1,5966,15.9,3753,10.0,2213,5.9
2023,Area of residence,Inside metropolitan area,Not in principal cities,59419,52451,88.3,6968,11.7,4361,7.3,2607,4.4
2023,Area of residence,Outside metropolitan area,,18467,15614,84.6,2853,15.4,1716,9.2,1137,6.2
2023,Census geographic region,Northeast,,22679,19965,88.0,2714,12.0,1700,7.5,1014,4.5
2023,Census geographic region,Midwest,,28428,24619,86.6,3809,13.4,2359,8.3,1450,5.1
2023,Census geographic region,South,,51797,44195,85.3,7602,14.7,4698,9.1,2904,5.6
2023,Census geographic region,West,,29629,25798,87.1,3831,12.9,2400,8.1,1431,4.8